,Image_name,Image_url
0,Accuracy,https://static1.squarespace.com/static/55dbfccee4b08731143170b6/5bc0d2b9e2c483f1ebac740f/5bc0d2b9085229c3731ef1fc/1539363515962/Accuracy_web.png
1,AdaBoost,https://static1.squarespace.com/static/55dbfccee4b08731143170b6/5bc0d2b9e2c483f1ebac740f/5bc0d2b971c10b49df59b27c/1539363515847/AdaBoost_web.png
2,Adjusted_R-Squared,https://static1.squarespace.com/static/55dbfccee4b08731143170b6/5bc0d2b9e2c483f1ebac740f/5bc0d2bae5e5f0c22ccc820d/1539363517232/Adjusted_R-Squared_web.png
3,Aggomerative_Clustering,https://static1.squarespace.com/static/55dbfccee4b08731143170b6/5bc0d2b9e2c483f1ebac740f/5bc0d2bae2c483f1ebac7433/1539363516914/Aggomerative_Clustering_web.png
4,AIC,https://static1.squarespace.com/static/55dbfccee4b08731143170b6/5bc0d2b9e2c483f1ebac740f/5bc0d2bb53450ae7c17f4dfa/1539363517978/AIC_web.png
5,Almost_Everywhere,https://static1.squarespace.com/static/55dbfccee4b08731143170b6/5bc0d2b9e2c483f1ebac740f/5bc0d2bb71c10b49df59b297/1539363518806/Almost_Everywhere_web.png
6,Alpha_In_Ridge_Regression,https://static1.squarespace.com/static/55dbfccee4b08731143170b6/5bc0d2b9e2c483f1ebac740f/5bc0d2bc8165f5ad87084572/1539363518390/Alpha_In_Ridge_Regression_web.png
7,Anscombes_Quartet,https://static1.squarespace.com/static/55dbfccee4b08731143170b6/5bc0d2b9e2c483f1ebac740f/5bc0d2bdb208fc1df53bca8a/1539363519741/Anscombes_Quartet_web.png
8,Architecture_Of_A_Neural_Network,https://static1.squarespace.com/static/55dbfccee4b08731143170b6/5bc0d2b9e2c483f1ebac740f/5bc0d2bd652dea62336cbdda/1539363519760/Architecture_Of_A_Neural_Network_web.png
9,Area_Under_The_Curve,https://static1.squarespace.com/static/55dbfccee4b08731143170b6/5bc0d2b9e2c483f1ebac740f/5bc0d2be0d929751ee48d170/1539363520765/Area_Under_The_Curve_web.png
10,Avoid_Overfitting,https://static1.squarespace.com/static/55dbfccee4b08731143170b6/5bc0d2b9e2c483f1ebac740f/5bc0d2bef4e1fc14884b491d/1539363521189/Avoid_Overfitting_web.png
11,BackProp,https://static1.squarespace.com/static/55dbfccee4b08731143170b6/5bc0d2b9e2c483f1ebac740f/5bc0d2bf15fcc03e6551a17d/1539363521987/BackProp_web.png
12,Bag_Of_Words,https://static1.squarespace.com/static/55dbfccee4b08731143170b6/5bc0d2b9e2c483f1ebac740f/5bc0d2bf4785d3d1fc969966/1539363521735/Bag_Of_Words_web.png
13,Bagging_Vs_Dropout,https://static1.squarespace.com/static/55dbfccee4b08731143170b6/5bc0d2b9e2c483f1ebac740f/5bc0d2c0eef1a1c6b7084fe7/1539363522995/Bagging_Vs_Dropout_web.png
14,Bagging,https://static1.squarespace.com/static/55dbfccee4b08731143170b6/5bc0d2b9e2c483f1ebac740f/5bc0d2c0b208fc1df53bcabe/1539363523171/Bagging_web.png
15,Basic_Parts_Of_Deep_Learning,https://static1.squarespace.com/static/55dbfccee4b08731143170b6/5bc0d2b9e2c483f1ebac740f/5bc0d2c1c830257001143f5f/1539363523550/Basic_Parts_Of_Deep_Learning_web.png
16,Bayes_Error,https://static1.squarespace.com/static/55dbfccee4b08731143170b6/5bc0d2b9e2c483f1ebac740f/5bc0d2c115fcc03e6551a199/1539363524204/Bayes_Error_web.png
17,Bayes_Theorem,https://static1.squarespace.com/static/55dbfccee4b08731143170b6/5bc0d2b9e2c483f1ebac740f/5bc0d2c29140b7caf2f4f36b/1539363524266/Bayes_Theorem_web.png
18,Bayesian_Methods_Pros_And_Cons,https://static1.squarespace.com/static/55dbfccee4b08731143170b6/5bc0d2b9e2c483f1ebac740f/5bc0d2c2e2c483f1ebac7483/1539363527529/Bayesian_Methods_Pros_And_Cons_web.png
19,Bias,https://static1.squarespace.com/static/55dbfccee4b08731143170b6/5bc0d2b9e2c483f1ebac740f/5bc0d2c3a4222f3ac53da668/1539363526557/Bias_web.png
20,Bias-Variance_Tradeoff,https://static1.squarespace.com/static/55dbfccee4b08731143170b6/5bc0d2b9e2c483f1ebac740f/5bc0d2c3e79c70941ed9140a/1539363526019/Bias-Variance_Tradeoff_web.png
21,Big_O,https://static1.squarespace.com/static/55dbfccee4b08731143170b6/5bc0d2b9e2c483f1ebac740f/5bc0d2c4eef1a1c6b708501b/1539363526629/Big_O_web.png
22,Boosting,https://static1.squarespace.com/static/55dbfccee4b08731143170b6/5bc0d2b9e2c483f1ebac740f/5bc0d2c47817f7b0e23c037e/1539363526583/Boosting_web.png
23,Bootstrap,https://static1.squarespace.com/static/55dbfccee4b08731143170b6/5bc0d2b9e2c483f1ebac740f/5bc0d2c50d929751ee48d1b4/1539363527599/Bootstrap_web.png
24,Brier_Score,https://static1.squarespace.com/static/55dbfccee4b08731143170b6/5bc0d2b9e2c483f1ebac740f/5bc0d2c5e79c70941ed91422/1539363527281/Brier_Score_web.png
25,C,https://static1.squarespace.com/static/55dbfccee4b08731143170b6/5bc0d2b9e2c483f1ebac740f/5bc0d2c615fcc03e6551a1d1/1539363528777/C_web.png
26,Capacity,https://static1.squarespace.com/static/55dbfccee4b08731143170b6/5bc0d2b9e2c483f1ebac740f/5bc0d2c7e79c70941ed91438/1539363528942/Capacity_web.png
27,Categorical_Feature,https://static1.squarespace.com/static/55dbfccee4b08731143170b6/5bc0d2b9e2c483f1ebac740f/5bc0d2c87817f7b0e23c039b/1539363530759/Categorical_Feature_web.png
28,Chain_Rule_Of_Calculus,https://static1.squarespace.com/static/55dbfccee4b08731143170b6/5bc0d2b9e2c483f1ebac740f/5bc0d2c853450ae7c17f4e90/1539363530519/Chain_Rule_Of_Calculus_web.png
29,Chi-Squared_For_Feature_Selection,https://static1.squarespace.com/static/55dbfccee4b08731143170b6/5bc0d2b9e2c483f1ebac740f/5bc0d2c971c10b49df59b350/1539363530700/Chi-Squared_For_Feature_Selection_web.png
30,Chi-Squared,https://static1.squarespace.com/static/55dbfccee4b08731143170b6/5bc0d2b9e2c483f1ebac740f/5bc0d2c9e4966b62fe038ced/1539363531759/Chi-Squared_web.png
31,Classification,https://static1.squarespace.com/static/55dbfccee4b08731143170b6/5bc0d2b9e2c483f1ebac740f/5bc0d2c9c830257001143fbc/1539363531594/Classification_web.png
32,Combination,https://static1.squarespace.com/static/55dbfccee4b08731143170b6/5bc0d2b9e2c483f1ebac740f/5bc0d2cae4966b62fe038d08/1539363532319/Combination_web.png
33,Common_Optimizers_With_Neural_Networks,https://static1.squarespace.com/static/55dbfccee4b08731143170b6/5bc0d2b9e2c483f1ebac740f/5bc0d2cab208fc1df53bcb5d/1539363532733/Common_Optimizers_With_Neural_Networks_web.png
34,Common_Output_Layer_Activation_Functions,https://static1.squarespace.com/static/55dbfccee4b08731143170b6/5bc0d2b9e2c483f1ebac740f/5bc0d2cbeef1a1c6b7085055/1539363533094/Common_Output_Layer_Activation_Functions_web.png
35,Concave_And_Convex_Functions,https://static1.squarespace.com/static/55dbfccee4b08731143170b6/5bc0d2b9e2c483f1ebac740f/5bc0d2cbf9619a023f8bf8ff/1539363534670/Concave_And_Convex_Functions_web.png
36,Conditional_Probability,https://static1.squarespace.com/static/55dbfccee4b08731143170b6/5bc0d2b9e2c483f1ebac740f/5bc0d2ccb208fc1df53bcb67/1539363535085/Conditional_Probability_web.png
37,Conditioning,https://static1.squarespace.com/static/55dbfccee4b08731143170b6/5bc0d2b9e2c483f1ebac740f/5bc0d2cc4192021958778c7d/1539363534270/Conditioning_web.png
38,Confidence_Intervals,https://static1.squarespace.com/static/55dbfccee4b08731143170b6/5bc0d2b9e2c483f1ebac740f/5bc0d2cc1905f4e84ce864ef/1539363535452/Confidence_Intervals_web.png
39,Confusion_Matrix,https://static1.squarespace.com/static/55dbfccee4b08731143170b6/5bc0d2b9e2c483f1ebac740f/5bc0d2cd1905f4e84ce864f2/1539363536087/Confusion_Matrix_web.png
40,Consistency,https://static1.squarespace.com/static/55dbfccee4b08731143170b6/5bc0d2b9e2c483f1ebac740f/5bc0d2cde4966b62fe038d28/1539363535947/Consistency_web.png
41,Cost_And_Loss_Functions,https://static1.squarespace.com/static/55dbfccee4b08731143170b6/5bc0d2b9e2c483f1ebac740f/5bc0d2cef4e1fc14884b49aa/1539363536237/Cost_And_Loss_Functions_web.png
42,Cp,https://static1.squarespace.com/static/55dbfccee4b08731143170b6/5bc0d2b9e2c483f1ebac740f/5bc0d2ce0d929751ee48d228/1539363539456/Cp_web.png
43,Cross-Entropy,https://static1.squarespace.com/static/55dbfccee4b08731143170b6/5bc0d2b9e2c483f1ebac740f/5bc0d2cfa4222f3ac53da6e1/1539363537948/Cross-Entropy_web.png
44,Cumulative_Distribution_Function,https://static1.squarespace.com/static/55dbfccee4b08731143170b6/5bc0d2b9e2c483f1ebac740f/5bc0d2cf7817f7b0e23c03f0/1539363537298/Cumulative_Distribution_Function_web.png
45,Curse_Of_Dimensionality,https://static1.squarespace.com/static/55dbfccee4b08731143170b6/5bc0d2b9e2c483f1ebac740f/5bc0d2d0e79c70941ed91486/1539363538066/Curse_Of_Dimensionality_web.png
46,Data-Generating_Distribution,https://static1.squarespace.com/static/55dbfccee4b08731143170b6/5bc0d2b9e2c483f1ebac740f/5bc0d2d0c830257001144037/1539363538924/Data-Generating_Distribution_web.png
47,Dataset_Augmentation,https://static1.squarespace.com/static/55dbfccee4b08731143170b6/5bc0d2b9e2c483f1ebac740f/5bc0d2d1ec212d165b19f4b5/1539363539858/Dataset_Augmentation_web.png
48,DBSCAN,https://static1.squarespace.com/static/55dbfccee4b08731143170b6/5bc0d2b9e2c483f1ebac740f/5bc0d2d18165f5ad8708465c/1539363540248/DBSCAN_web.png
49,Decision_Boundary,https://static1.squarespace.com/static/55dbfccee4b08731143170b6/5bc0d2b9e2c483f1ebac740f/5bc0d2d324a694ece9fe65ba/1539363541888/Decision_Boundary_web.png
50,Decision_Tree_Regression,https://static1.squarespace.com/static/55dbfccee4b08731143170b6/5bc0d2b9e2c483f1ebac740f/5bc0d2d3e79c70941ed914bb/1539363544342/Decision_Tree_Regression_web.png
51,Decision_Trees,https://static1.squarespace.com/static/55dbfccee4b08731143170b6/5bc0d2b9e2c483f1ebac740f/5bc0d2d47817f7b0e23c042b/1539363543824/Decision_Trees_web.png
52,Derivative,https://static1.squarespace.com/static/55dbfccee4b08731143170b6/5bc0d2b9e2c483f1ebac740f/5bc0d2d4e2c483f1ebac754f/1539363542757/Derivative_web.png
53,Design_Matrix,https://static1.squarespace.com/static/55dbfccee4b08731143170b6/5bc0d2b9e2c483f1ebac740f/5bc0d2d5e79c70941ed914c8/1539363548088/Design_Matrix_web.png
54,Determinants,https://static1.squarespace.com/static/55dbfccee4b08731143170b6/5bc0d2b9e2c483f1ebac740f/5bc0d2d5085229c3731ef32d/1539363543800/Determinants_web.png
55,Does-k-NN-Learn,https://static1.squarespace.com/static/55dbfccee4b08731143170b6/5bc0d2b9e2c483f1ebac740f/5bc0d2d6e2c483f1ebac758c/1539363546071/Does-k-NN-Learn_web.png
56,Dot_Product,https://static1.squarespace.com/static/55dbfccee4b08731143170b6/5bc0d2b9e2c483f1ebac740f/5bc0d2d624a694ece9fe65e3/1539363544743/Dot_Product_web.png
57,Downsampling,https://static1.squarespace.com/static/55dbfccee4b08731143170b6/5bc0d2b9e2c483f1ebac740f/5bc0d2d84785d3d1fc969ac9/1539363547125/Downsampling_web.png
58,Dropout,https://static1.squarespace.com/static/55dbfccee4b08731143170b6/5bc0d2b9e2c483f1ebac740f/5bc0d2d8e4966b62fe038dad/1539363546831/Dropout_web.png
59,Early_Stopping_Advantages,https://static1.squarespace.com/static/55dbfccee4b08731143170b6/5bc0d2b9e2c483f1ebac740f/5bc0d2da4192021958778d0a/1539363548302/Early_Stopping_Advantages_web.png
60,Early_Stopping,https://static1.squarespace.com/static/55dbfccee4b08731143170b6/5bc0d2b9e2c483f1ebac740f/5bc0d2dae2c483f1ebac75ab/1539363548574/Early_Stopping_web.png
61,Effect_Of_One-Hot_On_Feature_Importance,https://static1.squarespace.com/static/55dbfccee4b08731143170b6/5bc0d2b9e2c483f1ebac740f/5bc0d2db15fcc03e6551a2f7/1539363550364/Effect_Of_One-Hot_On_Feature_Importance_web.png
62,Eigenvector,https://static1.squarespace.com/static/55dbfccee4b08731143170b6/5bc0d2b9e2c483f1ebac740f/5bc0d2dcec212d165b19f537/1539363550156/Eigenvector_web.png
63,ElasticNet,https://static1.squarespace.com/static/55dbfccee4b08731143170b6/5bc0d2b9e2c483f1ebac740f/5bc0d2dd24a694ece9fe6631/1539363553258/ElasticNet_web.png
64,ELUs,https://static1.squarespace.com/static/55dbfccee4b08731143170b6/5bc0d2b9e2c483f1ebac740f/5bc0d2de085229c3731ef3a9/1539363551806/ELUs_web.png
65,Encoding_Ordinal_Categorical_Features,https://static1.squarespace.com/static/55dbfccee4b08731143170b6/5bc0d2b9e2c483f1ebac740f/5bc0d2deb208fc1df53bcc42/1539363553673/Encoding_Ordinal_Categorical_Features_web.png
66,Ensemble_Methods,https://static1.squarespace.com/static/55dbfccee4b08731143170b6/5bc0d2b9e2c483f1ebac740f/5bc0d2dfe2c483f1ebac75e3/1539363554213/Ensemble_Methods_web.png
67,Epoch,https://static1.squarespace.com/static/55dbfccee4b08731143170b6/5bc0d2b9e2c483f1ebac740f/5bc0d2e04192021958778d5a/1539363555679/Epoch_web.png
68,Error_Types,https://static1.squarespace.com/static/55dbfccee4b08731143170b6/5bc0d2b9e2c483f1ebac740f/5bc0d2e1b208fc1df53bcc80/1539363555434/Error_Types_web.png
69,Explained_Sum_Of_Squares,https://static1.squarespace.com/static/55dbfccee4b08731143170b6/5bc0d2b9e2c483f1ebac740f/5bc0d2e1085229c3731ef3d6/1539363557248/Explained_Sum_Of_Squares_web.png
70,Exploding_Gradient_Problem,https://static1.squarespace.com/static/55dbfccee4b08731143170b6/5bc0d2b9e2c483f1ebac740f/5bc0d2e353450ae7c17f5019/1539363558000/Exploding_Gradient_Problem_web.png
71,Extrema,https://static1.squarespace.com/static/55dbfccee4b08731143170b6/5bc0d2b9e2c483f1ebac740f/5bc0d2e424a694ece9fe66ad/1539363558490/Extrema_web.png
72,F-Statistic,https://static1.squarespace.com/static/55dbfccee4b08731143170b6/5bc0d2b9e2c483f1ebac740f/5bc0d2e4c83025700114413f/1539363559818/F-Statistic_web.png
73,F1_Score,https://static1.squarespace.com/static/55dbfccee4b08731143170b6/5bc0d2b9e2c483f1ebac740f/5bc0d2e59140b7caf2f4f544/1539363559475/F1_Score_web.png
74,False_Positive_Rate,https://static1.squarespace.com/static/55dbfccee4b08731143170b6/5bc0d2b9e2c483f1ebac740f/5bc0d2e60d929751ee48d3c4/1539363559641/False_Positive_Rate_web.png
75,Feature_Importance,https://static1.squarespace.com/static/55dbfccee4b08731143170b6/5bc0d2b9e2c483f1ebac740f/5bc0d2e61905f4e84ce866ae/1539363561325/Feature_Importance_web.png
76,Feature_Selection_Strategies,https://static1.squarespace.com/static/55dbfccee4b08731143170b6/5bc0d2b9e2c483f1ebac740f/5bc0d2e64192021958778e08/1539363563106/Feature_Selection_Strategies_web.png
77,Feedforward_Neural_Networks,https://static1.squarespace.com/static/55dbfccee4b08731143170b6/5bc0d2b9e2c483f1ebac740f/5bc0d2e70d929751ee48d3d4/1539363563999/Feedforward_Neural_Networks_web.png
78,Finding_Linear_Regression_Parameters,https://static1.squarespace.com/static/55dbfccee4b08731143170b6/5bc0d2b9e2c483f1ebac740f/5bc0d2e81905f4e84ce86725/1539363564458/Finding_Linear_Regression_Parameters_web.png
79,Forward_Stepwise_Selection,https://static1.squarespace.com/static/55dbfccee4b08731143170b6/5bc0d2b9e2c483f1ebac740f/5bc0d2e84192021958778e29/1539363562826/Forward_Stepwise_Selection_web.png
80,Fowlkes-Mallows,https://static1.squarespace.com/static/55dbfccee4b08731143170b6/5bc0d2b9e2c483f1ebac740f/5bc0d2e9f4e1fc14884b4ae5/1539363564278/Fowlkes-Mallows_web.png
81,Frobenius_Norm,https://static1.squarespace.com/static/55dbfccee4b08731143170b6/5bc0d2b9e2c483f1ebac740f/5bc0d2e97817f7b0e23c0543/1539363564026/Frobenius_Norm_web.png
82,Function,https://static1.squarespace.com/static/55dbfccee4b08731143170b6/5bc0d2b9e2c483f1ebac740f/5bc0d2eae5e5f0c22ccc8429/1539363564664/Function_web.png
83,Gaussian_Naive_Bayes_Classifier,https://static1.squarespace.com/static/55dbfccee4b08731143170b6/5bc0d2b9e2c483f1ebac740f/5bc0d2ea0d929751ee48d3ec/1539363567481/Gaussian_Naive_Bayes_Classifier_web.png
84,Generalization,https://static1.squarespace.com/static/55dbfccee4b08731143170b6/5bc0d2b9e2c483f1ebac740f/5bc0d2eb652dea62336cc03e/1539363569392/Generalization_web.png
85,Gini_Index,https://static1.squarespace.com/static/55dbfccee4b08731143170b6/5bc0d2b9e2c483f1ebac740f/5bc0d2ecf9619a023f8bfaba/1539363569114/Gini_Index_web.png
86,Grabcut,https://static1.squarespace.com/static/55dbfccee4b08731143170b6/5bc0d2b9e2c483f1ebac740f/5bc0d2ef53450ae7c17f50c6/1539363570567/Grabcut_web.png
87,Gradient_Cliff,https://static1.squarespace.com/static/55dbfccee4b08731143170b6/5bc0d2b9e2c483f1ebac740f/5bc0d2efb208fc1df53bcd76/1539363570535/Gradient_Cliff_web.png
88,Gradient_Clipping,https://static1.squarespace.com/static/55dbfccee4b08731143170b6/5bc0d2b9e2c483f1ebac740f/5bc0d2f01905f4e84ce86784/1539363570698/Gradient_Clipping_web.png
89,Gradient_Descent_Rule_Of_Thumb,https://static1.squarespace.com/static/55dbfccee4b08731143170b6/5bc0d2b9e2c483f1ebac740f/5bc0d2f0ec212d165b19f638/1539363570991/Gradient_Descent_Rule_Of_Thumb_web.png
90,Gradient_Descent_Visualized,https://static1.squarespace.com/static/55dbfccee4b08731143170b6/5bc0d2b9e2c483f1ebac740f/5bc0d2f124a694ece9fe6761/1539363571208/Gradient_Descent_Visualized_web.png
91,Gradient_Descent,https://static1.squarespace.com/static/55dbfccee4b08731143170b6/5bc0d2b9e2c483f1ebac740f/5bc0d2f1a4222f3ac53da903/1539363571955/Gradient_Descent_web.png
92,Gradient,https://static1.squarespace.com/static/55dbfccee4b08731143170b6/5bc0d2b9e2c483f1ebac740f/5bc0d2f1c8302570011441c7/1539363573570/Gradient_web.png
93,Greedy_Algorithms,https://static1.squarespace.com/static/55dbfccee4b08731143170b6/5bc0d2b9e2c483f1ebac740f/5bc0d2f224a694ece9fe677d/1539363573645/Greedy_Algorithms_web.png
94,Greek_Letters_1,https://static1.squarespace.com/static/55dbfccee4b08731143170b6/5bc0d2b9e2c483f1ebac740f/5bc0d2f3085229c3731ef4ca/1539363573953/Greek_Letters_1_web.png
95,Greek_Letters_2,https://static1.squarespace.com/static/55dbfccee4b08731143170b6/5bc0d2b9e2c483f1ebac740f/5bc0d2f4e2c483f1ebac7759/1539363575830/Greek_Letters_2_web.png
96,Greek_Letters_3,https://static1.squarespace.com/static/55dbfccee4b08731143170b6/5bc0d2b9e2c483f1ebac740f/5bc0d2f4a4222f3ac53da929/1539363574535/Greek_Letters_3_web.png
97,Greek_Letters_4,https://static1.squarespace.com/static/55dbfccee4b08731143170b6/5bc0d2b9e2c483f1ebac740f/5bc0d2f5e2c483f1ebac7761/1539363574579/Greek_Letters_4_web.png
98,Grid_Search,https://static1.squarespace.com/static/55dbfccee4b08731143170b6/5bc0d2b9e2c483f1ebac740f/5bc0d2f5a4222f3ac53da935/1539363575120/Grid_Search_web.png
99,Hadamard_Product,https://static1.squarespace.com/static/55dbfccee4b08731143170b6/5bc0d2b9e2c483f1ebac740f/5bc0d2f5ec212d165b19f6a1/1539363576040/Hadamard_Product_web.png
100,Hamming_Loss,https://static1.squarespace.com/static/55dbfccee4b08731143170b6/5bc0d2b9e2c483f1ebac740f/5bc0d2f6f9619a023f8bfb35/1539363575638/Hamming_Loss_web.png
101,Handling_Imbalanced_Classes_In_Support_Vector_Machines,https://static1.squarespace.com/static/55dbfccee4b08731143170b6/5bc0d2b9e2c483f1ebac740f/5bc0d2f6b208fc1df53bce12/1539363579139/Handling_Imbalanced_Classes_In_Support_Vector_Machines_web.png
102,Handling_Outliers,https://static1.squarespace.com/static/55dbfccee4b08731143170b6/5bc0d2b9e2c483f1ebac740f/5bc0d2f69140b7caf2f4f604/1539363577126/Handling_Outliers_web.png
103,Hessian_Matrix,https://static1.squarespace.com/static/55dbfccee4b08731143170b6/5bc0d2b9e2c483f1ebac740f/5bc0d2f78165f5ad8708480b/1539363577310/Hessian_Matrix_web.png
104,Heteroskedasticity,https://static1.squarespace.com/static/55dbfccee4b08731143170b6/5bc0d2b9e2c483f1ebac740f/5bc0d2f7652dea62336cc0cc/1539363578770/Heteroskedasticity_web.png
105,Hidden_Layer,https://static1.squarespace.com/static/55dbfccee4b08731143170b6/5bc0d2b9e2c483f1ebac740f/5bc0d2f8f9619a023f8bfb70/1539363579402/Hidden_Layer_web.png
106,Hinge_Loss,https://static1.squarespace.com/static/55dbfccee4b08731143170b6/5bc0d2b9e2c483f1ebac740f/5bc0d2f81905f4e84ce867e8/1539363579074/Hinge_Loss_web.png
107,How_Norm_Penalties_Work,https://static1.squarespace.com/static/55dbfccee4b08731143170b6/5bc0d2b9e2c483f1ebac740f/5bc0d2f9085229c3731ef542/1539363580232/How_Norm_Penalties_Work_web.png
108,How_To_Choose_Hidden_Unit_Activation_Functions,https://static1.squarespace.com/static/55dbfccee4b08731143170b6/5bc0d2b9e2c483f1ebac740f/5bc0d2fac830257001144282/1539363580018/How_To_Choose_Hidden_Unit_Activation_Functions_web.png
109,Hyperparameter_Tuning,https://static1.squarespace.com/static/55dbfccee4b08731143170b6/5bc0d2b9e2c483f1ebac740f/5bc0d2fa0d929751ee48d4bd/1539363580661/Hyperparameter_Tuning_web.png
110,Hyperplane,https://static1.squarespace.com/static/55dbfccee4b08731143170b6/5bc0d2b9e2c483f1ebac740f/5bc0d2fbf4e1fc14884b4ba7/1539363581159/Hyperplane_web.png
111,Hypothesis_Space,https://static1.squarespace.com/static/55dbfccee4b08731143170b6/5bc0d2b9e2c483f1ebac740f/5bc0d2fb0d929751ee48d4c5/1539363582041/Hypothesis_Space_web.png
112,IID,https://static1.squarespace.com/static/55dbfccee4b08731143170b6/5bc0d2b9e2c483f1ebac740f/5bc0d2fce5e5f0c22ccc8540/1539363582140/IID_web.png
113,Imputation_Using_k-NN,https://static1.squarespace.com/static/55dbfccee4b08731143170b6/5bc0d2b9e2c483f1ebac740f/5bc0d2fc24a694ece9fe6840/1539363582267/Imputation_Using_k-NN_web.png
114,Imputing_Missing_Values,https://static1.squarespace.com/static/55dbfccee4b08731143170b6/5bc0d2b9e2c483f1ebac740f/5bc0d2fc1905f4e84ce8682a/1539363582901/Imputing_Missing_Values_web.png
115,Inflection_Point,https://static1.squarespace.com/static/55dbfccee4b08731143170b6/5bc0d2b9e2c483f1ebac740f/5bc0d2fd4192021958778f1b/1539363583204/Inflection_Point_web.png
116,Initialization_Of_Neural_Network_Parameters,https://static1.squarespace.com/static/55dbfccee4b08731143170b6/5bc0d2b9e2c483f1ebac740f/5bc0d2fde79c70941ed91718/1539363587791/Initialization_Of_Neural_Network_Parameters_web.png
117,Initializing_Weights_In_Feedforward_Neural_Networks,https://static1.squarespace.com/static/55dbfccee4b08731143170b6/5bc0d2b9e2c483f1ebac740f/5bc0d2fe15fcc03e6551a520/1539363587828/Initializing_Weights_In_Feedforward_Neural_Networks_web.png
118,Instrumental_Variables,https://static1.squarespace.com/static/55dbfccee4b08731143170b6/5bc0d2b9e2c483f1ebac740f/5bc0d2ff1905f4e84ce86846/1539363585568/Instrumental_Variables_web.png
119,Interaction_Term,https://static1.squarespace.com/static/55dbfccee4b08731143170b6/5bc0d2b9e2c483f1ebac740f/5bc0d2ff15fcc03e6551a523/1539363589198/Interaction_Term_web.png
120,Intercept_Term,https://static1.squarespace.com/static/55dbfccee4b08731143170b6/5bc0d2b9e2c483f1ebac740f/5bc0d300ec212d165b19f723/1539363589388/Intercept_Term_web.png
121,Interpolation,https://static1.squarespace.com/static/55dbfccee4b08731143170b6/5bc0d2b9e2c483f1ebac740f/5bc0d300652dea62336cc155/1539363585872/Interpolation_web.png
122,Interquartile_Range,https://static1.squarespace.com/static/55dbfccee4b08731143170b6/5bc0d2b9e2c483f1ebac740f/5bc0d300a4222f3ac53da9cf/1539363588484/Interquartile_Range_web.png
123,Issues_With_Platt_Scaling,https://static1.squarespace.com/static/55dbfccee4b08731143170b6/5bc0d2b9e2c483f1ebac740f/5bc0d3018165f5ad87084878/1539363587258/Issues_With_Platt_Scaling_web.png
124,Jacobian_Matrix,https://static1.squarespace.com/static/55dbfccee4b08731143170b6/5bc0d2b9e2c483f1ebac740f/5bc0d3014192021958778f46/1539363588579/Jacobian_Matrix_web.png
125,Joins,https://static1.squarespace.com/static/55dbfccee4b08731143170b6/5bc0d2b9e2c483f1ebac740f/5bc0d302085229c3731ef5a3/1539363589191/Joins_web.png
126,K-Fold_Cross-Validation,https://static1.squarespace.com/static/55dbfccee4b08731143170b6/5bc0d2b9e2c483f1ebac740f/5bc0d303e2c483f1ebac7814/1539363589610/K-Fold_Cross-Validation_web.png
127,K-Means_Clustering,https://static1.squarespace.com/static/55dbfccee4b08731143170b6/5bc0d2b9e2c483f1ebac740f/5bc0d3044192021958778f8a/1539363592530/K-Means_Clustering_web.png
128,K-Nearest_Neighbors_Tips_And_Tricks,https://static1.squarespace.com/static/55dbfccee4b08731143170b6/5bc0d2b9e2c483f1ebac740f/5bc0d304a4222f3ac53da9f4/1539363590472/K-Nearest_Neighbors_Tips_And_Tricks_web.png
129,k-Nearest_Neighbors,https://static1.squarespace.com/static/55dbfccee4b08731143170b6/5bc0d2b9e2c483f1ebac740f/5bc0d3057817f7b0e23c06ac/1539363593502/k-Nearest_Neighbors_web.png
130,K-NN_Neighborhood_Size,https://static1.squarespace.com/static/55dbfccee4b08731143170b6/5bc0d2b9e2c483f1ebac740f/5bc0d306652dea62336cc192/1539363593239/K-NN_Neighborhood_Size_web.png
131,Kernel_PCA,https://static1.squarespace.com/static/55dbfccee4b08731143170b6/5bc0d2b9e2c483f1ebac740f/5bc0d3060d929751ee48d53c/1539363593295/Kernel_PCA_web.png
132,Kernel_Trick,https://static1.squarespace.com/static/55dbfccee4b08731143170b6/5bc0d2b9e2c483f1ebac740f/5bc0d30771c10b49df59b6dc/1539363594816/Kernel_Trick_web.png
133,L1_Norm,https://static1.squarespace.com/static/55dbfccee4b08731143170b6/5bc0d2b9e2c483f1ebac740f/5bc0d308e4966b62fe03908e/1539363596268/L1_Norm_web.png
134,L2_Norm,https://static1.squarespace.com/static/55dbfccee4b08731143170b6/5bc0d2b9e2c483f1ebac740f/5bc0d309e5e5f0c22ccc85f1/1539363595906/L2_Norm_web.png
135,Lasso_For_Feature_Selection,https://static1.squarespace.com/static/55dbfccee4b08731143170b6/5bc0d2b9e2c483f1ebac740f/5bc0d30aa4222f3ac53daa57/1539363596628/Lasso_For_Feature_Selection_web.png
136,Leaky_ReLU,https://static1.squarespace.com/static/55dbfccee4b08731143170b6/5bc0d2b9e2c483f1ebac740f/5bc0d30a652dea62336cc1d6/1539363596969/Leaky_ReLU_web.png
137,Learning_Curve,https://static1.squarespace.com/static/55dbfccee4b08731143170b6/5bc0d2b9e2c483f1ebac740f/5bc0d30b7817f7b0e23c0708/1539363598901/Learning_Curve_web.png
138,Learning_In_Machine_Learning,https://static1.squarespace.com/static/55dbfccee4b08731143170b6/5bc0d2b9e2c483f1ebac740f/5bc0d30c24a694ece9fe68f7/1539363598866/Learning_In_Machine_Learning_web.png
139,Learning_Rate,https://static1.squarespace.com/static/55dbfccee4b08731143170b6/5bc0d2b9e2c483f1ebac740f/5bc0d30df9619a023f8bfc4e/1539363599235/Learning_Rate_web.png
140,Linear_Activation_Function,https://static1.squarespace.com/static/55dbfccee4b08731143170b6/5bc0d2b9e2c483f1ebac740f/5bc0d30dec212d165b19f7d8/1539363598915/Linear_Activation_Function_web.png
141,Linear_Combination,https://static1.squarespace.com/static/55dbfccee4b08731143170b6/5bc0d2b9e2c483f1ebac740f/5bc0d30d7817f7b0e23c071a/1539363602044/Linear_Combination_web.png
142,Linear_Discriminant_Analysis_For_Dimensionality_Reduction,https://static1.squarespace.com/static/55dbfccee4b08731143170b6/5bc0d2b9e2c483f1ebac740f/5bc0d30e104c7b5b774c4d96/1539363606772/Linear_Discriminant_Analysis_For_Dimensionality_Reduction_web.png
143,Linearly_Independent,https://static1.squarespace.com/static/55dbfccee4b08731143170b6/5bc0d2b9e2c483f1ebac740f/5bc0d30e1905f4e84ce868f7/1539363607425/Linearly_Independent_web.png
144,Linearly_Separable,https://static1.squarespace.com/static/55dbfccee4b08731143170b6/5bc0d2b9e2c483f1ebac740f/5bc0d30fa4222f3ac53daa9f/1539363608136/Linearly_Separable_web.png
145,Log-Sum-Exp,https://static1.squarespace.com/static/55dbfccee4b08731143170b6/5bc0d2b9e2c483f1ebac740f/5bc0d310f9619a023f8bfc8f/1539363608468/Log-Sum-Exp_web.png
146,Logistic_Regression_Vs_Linear_Regression,https://static1.squarespace.com/static/55dbfccee4b08731143170b6/5bc0d2b9e2c483f1ebac740f/5bc0d311085229c3731ef66e/1539363619248/Logistic_Regression_Vs_Linear_Regression_web.png
147,Logistic_Regression,https://static1.squarespace.com/static/55dbfccee4b08731143170b6/5bc0d2b9e2c483f1ebac740f/5bc0d3149140b7caf2f4f7bc/1539363607664/Logistic_Regression_web.png
148,Logistic_Sigmoid_Function,https://static1.squarespace.com/static/55dbfccee4b08731143170b6/5bc0d2b9e2c483f1ebac740f/5bc0d316e4966b62fe03912a/1539363607731/Logistic_Sigmoid_Function_web.png
149,Manhattan_Distance,https://static1.squarespace.com/static/55dbfccee4b08731143170b6/5bc0d2b9e2c483f1ebac740f/5bc0d316e2c483f1ebac7913/1539363608624/Manhattan_Distance_web.png
150,Matrices,https://static1.squarespace.com/static/55dbfccee4b08731143170b6/5bc0d2b9e2c483f1ebac740f/5bc0d316e79c70941ed9185b/1539363608345/Matrices_web.png
151,Matrix_Inverse,https://static1.squarespace.com/static/55dbfccee4b08731143170b6/5bc0d2b9e2c483f1ebac740f/5bc0d316e5e5f0c22ccc86ad/1539363608879/Matrix_Inverse_web.png
152,Matrix_Multiplication,https://static1.squarespace.com/static/55dbfccee4b08731143170b6/5bc0d2b9e2c483f1ebac740f/5bc0d3178165f5ad87084978/1539363609874/Matrix_Multiplication_web.png
153,Matthews_Correlation_Coefficient,https://static1.squarespace.com/static/55dbfccee4b08731143170b6/5bc0d2b9e2c483f1ebac740f/5bc0d317eef1a1c6b70854be/1539363612364/Matthews_Correlation_Coefficient_web.png
154,Max_Norm,https://static1.squarespace.com/static/55dbfccee4b08731143170b6/5bc0d2b9e2c483f1ebac740f/5bc0d318f9619a023f8bfceb/1539363611759/Max_Norm_web.png
155,Mean_Absolute_Error,https://static1.squarespace.com/static/55dbfccee4b08731143170b6/5bc0d2b9e2c483f1ebac740f/5bc0d319e2c483f1ebac794c/1539363617888/Mean_Absolute_Error_web.png
156,Mean_Squared_Error,https://static1.squarespace.com/static/55dbfccee4b08731143170b6/5bc0d2b9e2c483f1ebac740f/5bc0d31ab208fc1df53bcfd1/1539363612531/Mean_Squared_Error_web.png
157,Meanshift_Clustering_By_Analogy,https://static1.squarespace.com/static/55dbfccee4b08731143170b6/5bc0d2b9e2c483f1ebac740f/5bc0d31beef1a1c6b7085522/1539363617734/Meanshift_Clustering_By_Analogy_web.png
158,Minibatch,https://static1.squarespace.com/static/55dbfccee4b08731143170b6/5bc0d2b9e2c483f1ebac740f/5bc0d31b7817f7b0e23c080e/1539363618033/Minibatch_web.png
159,Minimum_Of_A_Loss_Function,https://static1.squarespace.com/static/55dbfccee4b08731143170b6/5bc0d2b9e2c483f1ebac740f/5bc0d31c7817f7b0e23c0815/1539363622661/Minimum_Of_A_Loss_Function_web.png
160,Minkowski_Distance,https://static1.squarespace.com/static/55dbfccee4b08731143170b6/5bc0d2b9e2c483f1ebac740f/5bc0d31ce79c70941ed918a3/1539363619072/Minkowski_Distance_web.png
161,MinMax_Scaling,https://static1.squarespace.com/static/55dbfccee4b08731143170b6/5bc0d2b9e2c483f1ebac740f/5bc0d31df9619a023f8bfd48/1539363618359/MinMax_Scaling_web.png
162,Missing_At_Random,https://static1.squarespace.com/static/55dbfccee4b08731143170b6/5bc0d2b9e2c483f1ebac740f/5bc0d3217817f7b0e23c086d/1539363623455/Missing_At_Random_web.png
163,Missing_Completely_At_Random,https://static1.squarespace.com/static/55dbfccee4b08731143170b6/5bc0d2b9e2c483f1ebac740f/5bc0d3214785d3d1fc969ec0/1539363621019/Missing_Completely_At_Random_web.png
164,Missing_Not_At_Random,https://static1.squarespace.com/static/55dbfccee4b08731143170b6/5bc0d2b9e2c483f1ebac740f/5bc0d322b208fc1df53bd078/1539363622185/Missing_Not_At_Random_web.png
165,Model_Complexity,https://static1.squarespace.com/static/55dbfccee4b08731143170b6/5bc0d2b9e2c483f1ebac740f/5bc0d322104c7b5b774c4ee3/1539363621882/Model_Complexity_web.png
166,Model_Identifiability,https://static1.squarespace.com/static/55dbfccee4b08731143170b6/5bc0d2b9e2c483f1ebac740f/5bc0d323e79c70941ed918dd/1539363624299/Model_Identifiability_web.png
167,Model_Selection,https://static1.squarespace.com/static/55dbfccee4b08731143170b6/5bc0d2b9e2c483f1ebac740f/5bc0d323104c7b5b774c4f10/1539363623594/Model_Selection_web.png
168,Momentum,https://static1.squarespace.com/static/55dbfccee4b08731143170b6/5bc0d2b9e2c483f1ebac740f/5bc0d324c830257001144481/1539363623924/Momentum_web.png
169,Motivation_For_Deep_Layers,https://static1.squarespace.com/static/55dbfccee4b08731143170b6/5bc0d2b9e2c483f1ebac740f/5bc0d32424a694ece9fe6a4c/1539363624581/Motivation_For_Deep_Layers_web.png
170,Motivation_For_Deep_Learning,https://static1.squarespace.com/static/55dbfccee4b08731143170b6/5bc0d2b9e2c483f1ebac740f/5bc0d3280d929751ee48d717/1539363627376/Motivation_For_Deep_Learning_web.png
171,Multinomial_Logistic_Regression,https://static1.squarespace.com/static/55dbfccee4b08731143170b6/5bc0d2b9e2c483f1ebac740f/5bc0d328eef1a1c6b7085601/1539363627457/Multinomial_Logistic_Regression_web.png
172,Natural_Log,https://static1.squarespace.com/static/55dbfccee4b08731143170b6/5bc0d2b9e2c483f1ebac740f/5bc0d329104c7b5b774c4f82/1539363627369/Natural_Log_web.png
173,Neuron,https://static1.squarespace.com/static/55dbfccee4b08731143170b6/5bc0d2b9e2c483f1ebac740f/5bc0d3299140b7caf2f4f8c6/1539363627601/Neuron_web.png
174,No_Free_Lunch_Theorem,https://static1.squarespace.com/static/55dbfccee4b08731143170b6/5bc0d2b9e2c483f1ebac740f/5bc0d32a24a694ece9fe6a89/1539363631165/No_Free_Lunch_Theorem_web.png
175,Noisy_ReLU,https://static1.squarespace.com/static/55dbfccee4b08731143170b6/5bc0d2b9e2c483f1ebac740f/5bc0d32ba4222f3ac53dac3f/1539363630326/Noisy_ReLU_web.png
176,Non-Parametric_Methods,https://static1.squarespace.com/static/55dbfccee4b08731143170b6/5bc0d2b9e2c483f1ebac740f/5bc0d32cc8302570011444d4/1539363631410/Non-Parametric_Methods_web.png
177,Normal_Distribution,https://static1.squarespace.com/static/55dbfccee4b08731143170b6/5bc0d2b9e2c483f1ebac740f/5bc0d32d24a694ece9fe6aa7/1539363631751/Normal_Distribution_web.png
178,Normalized_Initialization_Of_Neural_Network_Parameters,https://static1.squarespace.com/static/55dbfccee4b08731143170b6/5bc0d2b9e2c483f1ebac740f/5bc0d32d8165f5ad87084ab5/1539363631808/Normalized_Initialization_Of_Neural_Network_Parameters_web.png
179,Normalizing_Observations,https://static1.squarespace.com/static/55dbfccee4b08731143170b6/5bc0d2b9e2c483f1ebac740f/5bc0d32f4785d3d1fc969f67/1539363633783/Normalizing_Observations_web.png
180,Notation_1,https://static1.squarespace.com/static/55dbfccee4b08731143170b6/5bc0d2b9e2c483f1ebac740f/5bc0d33053450ae7c17f5457/1539363634632/Notation_1_web.png
181,Notation_2,https://static1.squarespace.com/static/55dbfccee4b08731143170b6/5bc0d2b9e2c483f1ebac740f/5bc0d33124a694ece9fe6ae3/1539363634667/Notation_2_web.png
182,Notation_3,https://static1.squarespace.com/static/55dbfccee4b08731143170b6/5bc0d2b9e2c483f1ebac740f/5bc0d331085229c3731ef85e/1539363635474/Notation_3_web.png
183,Notation_4,https://static1.squarespace.com/static/55dbfccee4b08731143170b6/5bc0d2b9e2c483f1ebac740f/5bc0d331e79c70941ed919b1/1539363635972/Notation_4_web.png
184,Notation_5,https://static1.squarespace.com/static/55dbfccee4b08731143170b6/5bc0d2b9e2c483f1ebac740f/5bc0d332419202195877919d/1539363638128/Notation_5_web.png
185,Notions_Of_Probability,https://static1.squarespace.com/static/55dbfccee4b08731143170b6/5bc0d2b9e2c483f1ebac740f/5bc0d333e2c483f1ebac7b01/1539363637186/Notions_Of_Probability_web.png
186,Occams_Razor,https://static1.squarespace.com/static/55dbfccee4b08731143170b6/5bc0d2b9e2c483f1ebac740f/5bc0d33341920219587791be/1539363638000/Occams_Razor_web.png
187,Odds_Ratio,https://static1.squarespace.com/static/55dbfccee4b08731143170b6/5bc0d2b9e2c483f1ebac740f/5bc0d334e2c483f1ebac7b12/1539363638425/Odds_Ratio_web.png
188,Odds,https://static1.squarespace.com/static/55dbfccee4b08731143170b6/5bc0d2b9e2c483f1ebac740f/5bc0d3340d929751ee48d7b7/1539363638757/Odds_web.png
189,One-Hot_Encoding,https://static1.squarespace.com/static/55dbfccee4b08731143170b6/5bc0d2b9e2c483f1ebac740f/5bc0d335ec212d165b19f9e9/1539363639682/One-Hot_Encoding_web.png
190,One-Sided_Label_Smoothing,https://static1.squarespace.com/static/55dbfccee4b08731143170b6/5bc0d2b9e2c483f1ebac740f/5bc0d335eef1a1c6b7085691/1539363640768/One-Sided_Label_Smoothing_web.png
191,One-Vs-Rest_Logistic_Regression,https://static1.squarespace.com/static/55dbfccee4b08731143170b6/5bc0d2b9e2c483f1ebac740f/5bc0d336ec212d165b19f9f4/1539363644474/One-Vs-Rest_Logistic_Regression_web.png
192,Ordinary_Least_Squares,https://static1.squarespace.com/static/55dbfccee4b08731143170b6/5bc0d2b9e2c483f1ebac740f/5bc0d336085229c3731ef8c0/1539363641251/Ordinary_Least_Squares_web.png
193,Out-Of-Bag_Error,https://static1.squarespace.com/static/55dbfccee4b08731143170b6/5bc0d2b9e2c483f1ebac740f/5bc0d33771c10b49df59b954/1539363641407/Out-Of-Bag_Error_web.png
194,Out-Of-Core,https://static1.squarespace.com/static/55dbfccee4b08731143170b6/5bc0d2b9e2c483f1ebac740f/5bc0d337104c7b5b774c5055/1539363641788/Out-Of-Core_web.png
195,Outlier,https://static1.squarespace.com/static/55dbfccee4b08731143170b6/5bc0d2b9e2c483f1ebac740f/5bc0d3384785d3d1fc969fec/1539363643593/Outlier_web.png
196,Overfit_Vs_Underfit,https://static1.squarespace.com/static/55dbfccee4b08731143170b6/5bc0d2b9e2c483f1ebac740f/5bc0d338e4966b62fe0392aa/1539363643418/Overfit_Vs_Underfit_web.png
197,Overfitting,https://static1.squarespace.com/static/55dbfccee4b08731143170b6/5bc0d2b9e2c483f1ebac740f/5bc0d33a4192021958779222/1539363645708/Overfitting_web.png
198,Parameter_Norm,https://static1.squarespace.com/static/55dbfccee4b08731143170b6/5bc0d2b9e2c483f1ebac740f/5bc0d33a24a694ece9fe6b6f/1539363644866/Parameter_Norm_web.png
199,Parameter_Sharing,https://static1.squarespace.com/static/55dbfccee4b08731143170b6/5bc0d2b9e2c483f1ebac740f/5bc0d33cf9619a023f8bfe5e/1539363648244/Parameter_Sharing_web.png
200,Parameters_vs_Hyperparameters,https://static1.squarespace.com/static/55dbfccee4b08731143170b6/5bc0d2b9e2c483f1ebac740f/5bc0d33c1905f4e84ce86b6e/1539363648531/Parameters_vs_Hyperparameters_web.png
201,Parametric_Modeling,https://static1.squarespace.com/static/55dbfccee4b08731143170b6/5bc0d2b9e2c483f1ebac740f/5bc0d33f104c7b5b774c50d7/1539363650366/Parametric_Modeling_web.png
202,Partial_Derivative,https://static1.squarespace.com/static/55dbfccee4b08731143170b6/5bc0d2b9e2c483f1ebac740f/5bc0d33f24a694ece9fe6bd3/1539363661104/Partial_Derivative_web.png
203,Pearsons_Correlation,https://static1.squarespace.com/static/55dbfccee4b08731143170b6/5bc0d2b9e2c483f1ebac740f/5bc0d340c8302570011445f7/1539363650842/Pearsons_Correlation_web.png
204,Perceptron_Learning,https://static1.squarespace.com/static/55dbfccee4b08731143170b6/5bc0d2b9e2c483f1ebac740f/5bc0d340e2c483f1ebac7bcb/1539363651044/Perceptron_Learning_web.png
205,Perceptron,https://static1.squarespace.com/static/55dbfccee4b08731143170b6/5bc0d2b9e2c483f1ebac740f/5bc0d3419140b7caf2f4f9d9/1539363652938/Perceptron_web.png
206,Platt_Scaling,https://static1.squarespace.com/static/55dbfccee4b08731143170b6/5bc0d2b9e2c483f1ebac740f/5bc0d341c830257001144601/1539363653129/Platt_Scaling_web.png
207,Polynomial_Regression,https://static1.squarespace.com/static/55dbfccee4b08731143170b6/5bc0d2b9e2c483f1ebac740f/5bc0d343f9619a023f8bfed3/1539363654637/Polynomial_Regression_web.png
208,Power_Rule,https://static1.squarespace.com/static/55dbfccee4b08731143170b6/5bc0d2b9e2c483f1ebac740f/5bc0d344b208fc1df53bd253/1539363654339/Power_Rule_web.png
209,Precision,https://static1.squarespace.com/static/55dbfccee4b08731143170b6/5bc0d2b9e2c483f1ebac740f/5bc0d34571c10b49df59ba23/1539363656783/Precision_web.png
210,Preprocessing_Training_And_Test_Sets,https://static1.squarespace.com/static/55dbfccee4b08731143170b6/5bc0d2b9e2c483f1ebac740f/5bc0d345eef1a1c6b7085754/1539363655877/Preprocessing_Training_And_Test_Sets_web.png
211,Principal_Component_Analysis,https://static1.squarespace.com/static/55dbfccee4b08731143170b6/5bc0d2b9e2c483f1ebac740f/5bc0d34615fcc03e6551a914/1539363657111/Principal_Component_Analysis_web.png
212,Principal_Components,https://static1.squarespace.com/static/55dbfccee4b08731143170b6/5bc0d2b9e2c483f1ebac740f/5bc0d346f4e1fc14884b4fa0/1539363656926/Principal_Components_web.png
213,Probability_Density_Function,https://static1.squarespace.com/static/55dbfccee4b08731143170b6/5bc0d2b9e2c483f1ebac740f/5bc0d34871c10b49df59ba3e/1539363659042/Probability_Density_Function_web.png
214,Probability_Mass_Function,https://static1.squarespace.com/static/55dbfccee4b08731143170b6/5bc0d2b9e2c483f1ebac740f/5bc0d3481905f4e84ce86c2e/1539363658296/Probability_Mass_Function_web.png
215,R-Squared,https://static1.squarespace.com/static/55dbfccee4b08731143170b6/5bc0d2b9e2c483f1ebac740f/5bc0d349104c7b5b774c5176/1539363659148/R-Squared_web.png
216,Radius-Based_Nearest_Neighbor_Classifier,https://static1.squarespace.com/static/55dbfccee4b08731143170b6/5bc0d2b9e2c483f1ebac740f/5bc0d3494192021958779325/1539363660201/Radius-Based_Nearest_Neighbor_Classifier_web.png
217,Random_Forest,https://static1.squarespace.com/static/55dbfccee4b08731143170b6/5bc0d2b9e2c483f1ebac740f/5bc0d34ac830257001144671/1539363661999/Random_Forest_web.png
218,Random_Variable,https://static1.squarespace.com/static/55dbfccee4b08731143170b6/5bc0d2b9e2c483f1ebac740f/5bc0d34ac830257001144673/1539363662214/Random_Variable_web.png
219,Randomized_Search,https://static1.squarespace.com/static/55dbfccee4b08731143170b6/5bc0d2b9e2c483f1ebac740f/5bc0d34ceef1a1c6b70857e8/1539363662743/Randomized_Search_web.png
220,Recall,https://static1.squarespace.com/static/55dbfccee4b08731143170b6/5bc0d2b9e2c483f1ebac740f/5bc0d34ce5e5f0c22ccc8969/1539363663000/Recall_web.png
221,Receiver_Operating_Characteristic,https://static1.squarespace.com/static/55dbfccee4b08731143170b6/5bc0d2b9e2c483f1ebac740f/5bc0d34da4222f3ac53dae65/1539363665156/Receiver_Operating_Characteristic_web.png
222,Regression,https://static1.squarespace.com/static/55dbfccee4b08731143170b6/5bc0d2b9e2c483f1ebac740f/5bc0d34d9140b7caf2f4fa75/1539363663522/Regression_web.png
223,Regularization,https://static1.squarespace.com/static/55dbfccee4b08731143170b6/5bc0d2b9e2c483f1ebac740f/5bc0d34ff4e1fc14884b5018/1539363665408/Regularization_web.png
224,ReLU_Activation_Function,https://static1.squarespace.com/static/55dbfccee4b08731143170b6/5bc0d2b9e2c483f1ebac740f/5bc0d34f652dea62336cc540/1539363666020/ReLU_Activation_Function_web.png
225,Residual_Sum_Of_Squares,https://static1.squarespace.com/static/55dbfccee4b08731143170b6/5bc0d2b9e2c483f1ebac740f/5bc0d350104c7b5b774c51ce/1539363666754/Residual_Sum_Of_Squares_web.png
226,Ridge_Regression,https://static1.squarespace.com/static/55dbfccee4b08731143170b6/5bc0d2b9e2c483f1ebac740f/5bc0d351ec212d165b19fb2e/1539363668206/Ridge_Regression_web.png
227,RMSprop,https://static1.squarespace.com/static/55dbfccee4b08731143170b6/5bc0d2b9e2c483f1ebac740f/5bc0d35115fcc03e6551a9c2/1539363668242/RMSprop_web.png
228,Saddle_Point,https://static1.squarespace.com/static/55dbfccee4b08731143170b6/5bc0d2b9e2c483f1ebac740f/5bc0d3534785d3d1fc96a1a2/1539363669578/Saddle_Point_web.png
229,Saturation_Of_The_Loss_Function,https://static1.squarespace.com/static/55dbfccee4b08731143170b6/5bc0d2b9e2c483f1ebac740f/5bc0d353e4966b62fe039408/1539363669907/Saturation_Of_The_Loss_Function_web.png
230,Saturation,https://static1.squarespace.com/static/55dbfccee4b08731143170b6/5bc0d2b9e2c483f1ebac740f/5bc0d354f9619a023f8bffb3/1539363672000/Saturation_web.png
231,Scalars,https://static1.squarespace.com/static/55dbfccee4b08731143170b6/5bc0d2b9e2c483f1ebac740f/5bc0d354085229c3731ef9fd/1539363671110/Scalars_web.png
232,Selecting_Number_Of_Components_In_PCA,https://static1.squarespace.com/static/55dbfccee4b08731143170b6/5bc0d2b9e2c483f1ebac740f/5bc0d35515fcc03e6551a9d8/1539363671511/Selecting_Number_Of_Components_In_PCA_web.png
233,Sensitivity,https://static1.squarespace.com/static/55dbfccee4b08731143170b6/5bc0d2b9e2c483f1ebac740f/5bc0d356c830257001144703/1539363672366/Sensitivity_web.png
234,Sigmoid_Activation_Function,https://static1.squarespace.com/static/55dbfccee4b08731143170b6/5bc0d2b9e2c483f1ebac740f/5bc0d356104c7b5b774c521c/1539363672949/Sigmoid_Activation_Function_web.png
235,Silhouette_Coefficients,https://static1.squarespace.com/static/55dbfccee4b08731143170b6/5bc0d2b9e2c483f1ebac740f/5bc0d35871c10b49df59baf5/1539363675214/Silhouette_Coefficients_web.png
236,Simpsons_Paradox,https://static1.squarespace.com/static/55dbfccee4b08731143170b6/5bc0d2b9e2c483f1ebac740f/5bc0d358f4e1fc14884b5070/1539363675229/Simpsons_Paradox_web.png
237,Slack_Variable_In_Soft-Margin_SVM,https://static1.squarespace.com/static/55dbfccee4b08731143170b6/5bc0d2b9e2c483f1ebac740f/5bc0d359ec212d165b19fb8a/1539363676069/Slack_Variable_In_Soft-Margin_SVM_web.png
238,Softmax_Activation_Function,https://static1.squarespace.com/static/55dbfccee4b08731143170b6/5bc0d2b9e2c483f1ebac740f/5bc0d35aa4222f3ac53daf0c/1539363675917/Softmax_Activation_Function_web.png
239,Softmax_Normalization,https://static1.squarespace.com/static/55dbfccee4b08731143170b6/5bc0d2b9e2c483f1ebac740f/5bc0d35a652dea62336cc5e2/1539363676581/Softmax_Normalization_web.png
240,Softplus_Function,https://static1.squarespace.com/static/55dbfccee4b08731143170b6/5bc0d2b9e2c483f1ebac740f/5bc0d35b8165f5ad87084cec/1539363677520/Softplus_Function_web.png
241,Sources_Of_Uncertainty,https://static1.squarespace.com/static/55dbfccee4b08731143170b6/5bc0d2b9e2c483f1ebac740f/5bc0d35c4785d3d1fc96a201/1539363678765/Sources_Of_Uncertainty_web.png
242,Span,https://static1.squarespace.com/static/55dbfccee4b08731143170b6/5bc0d2b9e2c483f1ebac740f/5bc0d35db208fc1df53bd395/1539363678725/Span_web.png
243,Sparsity,https://static1.squarespace.com/static/55dbfccee4b08731143170b6/5bc0d2b9e2c483f1ebac740f/5bc0d35d41920219587793d2/1539363680451/Sparsity_web.png
244,Square_Root,https://static1.squarespace.com/static/55dbfccee4b08731143170b6/5bc0d2b9e2c483f1ebac740f/5bc0d35ef4e1fc14884b50b1/1539363680742/Square_Root_web.png
245,Standard_Deviation,https://static1.squarespace.com/static/55dbfccee4b08731143170b6/5bc0d2b9e2c483f1ebac740f/5bc0d35fe4966b62fe039496/1539363685774/Standard_Deviation_web.png
246,Standard_Error_Of_The_Mean,https://static1.squarespace.com/static/55dbfccee4b08731143170b6/5bc0d2b9e2c483f1ebac740f/5bc0d35f4785d3d1fc96a22b/1539363685853/Standard_Error_Of_The_Mean_web.png
247,Standardization,https://static1.squarespace.com/static/55dbfccee4b08731143170b6/5bc0d2b9e2c483f1ebac740f/5bc0d3600d929751ee48d9d7/1539363686989/Standardization_web.png
248,Stationary_Points,https://static1.squarespace.com/static/55dbfccee4b08731143170b6/5bc0d2b9e2c483f1ebac740f/5bc0d361e4966b62fe0394ba/1539363684087/Stationary_Points_web.png
249,Stemming_Words,https://static1.squarespace.com/static/55dbfccee4b08731143170b6/5bc0d2b9e2c483f1ebac740f/5bc0d362eef1a1c6b708591d/1539363685476/Stemming_Words_web.png
